Operation Name,Operation Type,Address,City,Postal Code,Total Floor Area,Unit1,Average Hours Per Week,Annual Flow,Electricity,Unit2,Natural Gas,Unit3,Fuel Oil 1 & 2,Unit4,Fuel Oil 4 & 6,Unit5,Propane,Unit6,Coal,Unit7,Wood,Unit8,District Heat,Unit9,Renewable1,Emission Factor1,District Cool,Unit10,Renewable2,Emission Factor2,GHG Emissions (Kg),Energy Intensity (ekWh/sqft),Energy Intensity (ekWh/Mega Litres),Comments
ADELAIDE OPS CTRE - 1153,"Storage facilities where equipment or vehicles are maintained, repaired or stored",1153 ADELAIDE ST N,LONDON,N5Y 2N4,"25,685.00",Square feet,168,0.00000,"375,160.55610",kWh,"110,983.78140",Cubic Meter,,,,,,,,,,,,,,,,,,,"225,040.94391",60.52838,0.00000,
ADELAIDE PCP,Facilities related to the treatment of sewage,1201 ADELAIDE ST N,LONDON,N5Y 2N4,"12,900.00",Square feet,168,8522.75000,"3,360,098.09613",kWh,"125,057.13619",Cubic Meter,,,,,,,,,,,,,,,,,,,"372,681.65583",363.50213,550.19535,
ADELAIDE PUMP STN,Facilities related to the pumping of sewage,1201 ADELAIDE ST N,LONDON,N5Y 2N4,0.00,Square feet,168,7869.33000,"1,012,243.74581",kWh,"108,243.70166",Cubic Meter,,,,,,,,,,,,,,,,,,,"245,692.92435",0.00000,274.81802,
ADMIN-PCP,"Storage facilities where equipment or vehicles are maintained, repaired or stored",3901 WEST GRAHAM PL,LONDON,N6P 1G4,825.00,Square feet,168,0.00000,"60,227.71552",kWh,,,,,,,,,,,,,,,,,,,,,"2,442.11341",73.00329,0.00000,
AJ TYLER - MAIN BLDG & (E) WATER/SEWER BLDG,"Administrative offices and related facilities, including municipal council chambers",663 BATHURST ST,LONDON,N5Z 1P8,"22,789.00",Square feet,50,0.00000,"869,880.00000",kWh,"58,968.00000",Cubic Meter,,,,,,,,,,,,,,,,,,,"146,758.38718",65.67110,0.00000,
AJ TYLER - UNIT QUONSE,"Storage facilities where equipment or vehicles are maintained, repaired or stored",663 BATHURST ST,LONDON,N5Z 1P8,"1,700.00",Square feet,168,0.00000,,,"3,999.13000",Cubic Meter,,,,,,,,,,,,,,,,,,,"7,560.86315",25.00110,0.00000,
AJ TYLER BLDG -# 1 WATER STORAGE,"Storage facilities where equipment or vehicles are maintained, repaired or stored",663 BATHURST ST,LONDON,N5Z 1P8,"6,200.00",Square feet,50,0.00000,"23,534.97277",kWh,"18,232.65694",Cubic Meter,,,,,,,,,,,,,,,,,,,"35,425.44957",35.04961,0.00000,
AJ TYLER BLDG- STORES BLDG,"Storage facilities where equipment or vehicles are maintained, repaired or stored",665 BATHURST ST,LONDON,N5Z 1P8,"1,643.00",Square feet,50,0.00000,116.63000,kWh,"89,835.44154",Cubic Meter,,,,,,,,,,,,,,,,,,,"169,850.04045",581.17326,0.00000,
AJ TYLER BLDG-# 2 SEWER STORAGE,"Storage facilities where equipment or vehicles are maintained, repaired or stored",663 BATHURST ST,LONDON,N5Z 1P8,"6,200.00",Square feet,50,0.00000,"37,952.82833",kWh,"14,374.12422",Cubic Meter,,,,,,,,,,,,,,,,,,,"28,715.01863",30.76094,0.00000,
AJ TYLER BLDG-GUARD SHED,Other,665 BATHURST ST,LONDON,N5Z 1P8,80.00,Square feet,168,0.00000,"6,807.86038",kWh,,,,,,,,,,,,,,,,,,,,,276.04512,85.09825,0.00000,
AJ TYLER BLDG-PKG LOT,Parking garages,663 BATHURST ST,LONDON,N5Z 1P8,"6,200.00",Square feet,168,0.00000,"36,228.41567",kWh,,,,,,,,,,,,,,,,,,,,,"1,468.98980",5.84329,0.00000,
AJ TYLER BLDG-WATER/SEWER BLDG,"Storage facilities where equipment or vehicles are maintained, repaired or stored",663 BATHURST ST,LONDON,N5Z 1P8,"6,000.00",Square feet,50,0.00000,,,"10,007.34459",Cubic Meter,,,,,,,,,,,,,,,,,,,"18,920.15588",17.72597,0.00000,
ARGYLE ARENA,Indoor recreational facilities,1948 WAVELL ST,LONDON,N5V 1P4,"49,260.00",Square feet,126,0.00000,"1,199,933.02795",kWh,"95,373.02570",Cubic Meter,,,,,,,,,,,,,,,,,,,"228,969.70187",44.93578,0.00000,
ARVA PUMPING,Facilities related to the pumping of water,13966 MEDWAY RD,LONDON,N0M 1C0,"7,800.00",Square feet,168,36011.16000,"5,285,303.94677",kWh,,,,,,,,,,,,,,,,,,,,,"214,308.50443",677.60307,146.76850,
BASIL GROVER PK,Other,555 WHARNCLIFFE RD S,LONDON,N6J 2A1,"1,001.00",Square feet,168,0.00000,"1,654.70646",kWh,,,,,,,,,,,,,,,,,,,,,67.09504,1.65305,0.00000,
BEACHWOOD,Facilities related to the pumping of sewage,326 BEACHWOOD AVE,LONDON,N6J 1K4,0.00,Square feet,168,200.00000,"1,314.09000",kWh,,,,,,,,,,,,,,,,,,,,,53.28372,0.00000,6.57045,
BERKSHIRE PUMP STN,Facilities related to the pumping of sewage,201 WONDERLAND RD S,LONDON,N6K 3T3,"1,200.00",Square feet,168,2779.98000,"264,272.64823",kWh,,,,,,,,,,,,,,,,,,,,,"10,715.72734",220.22721,95.06279,
BLACKBURN FOUNTAIN-THAMES RIVER,Other,78 RIVERSIDE DR,LONDON,N6H 1B4,"17,200.00",Square feet,168,0.00000,"154,222.60486",kWh,,,,,,,,,,,,,,,,,,,,,"6,253.41818",8.96643,0.00000,
BONAVENTURE MEADOWS-SPLASH PAD,Other,141 BONAVENTURE DR,LONDON,N5V 4S6,"7,000.00",Square feet,168,0.00000,716.69742,kWh,,,,,,,,,,,,,,,,,,,,,29.06065,0.10239,0.00000,
BOSTWICK PUMP STN,Facilities related to the pumping of sewage,1451 WHARNCLIFFE RD S,LONDON,N6L 1J9,375.00,Square feet,168,155.05000,"54,999.76952",kWh,,,,,,,,,,,,,,,,,,,,,"2,230.13065",146.66605,354.72280,
BOYLE CC,Community centres,530 CHARLOTTE ST,LONDON,N5W 4A4,"8,522.00",Square feet,126,0.00000,"80,600.36768",kWh,"9,524.02850",Cubic Meter,,,,,,,,,,,,,,,,,,,"21,274.56913",21.33532,0.00000,
BROOKDALE PUMP STN,Facilities related to the pumping of sewage,24 BROOKDALE AVE,LONDON,N6J 2W4,0.00,Square feet,168,35.66000,"5,164.00581",kWh,,,,,,,,,,,,,,,,,,,,,209.39011,0.00000,144.81228,
BROUGHDALE PUMP STN,Facilities related to the pumping of sewage,37 TOWER LN,LONDON,N6A 3L1,280.00,Square feet,168,259.78000,"24,584.77029",kWh,,,,,,,,,,,,,,,,,,,,,996.86327,87.80275,94.63689,
BULK WATER DISPENSING STNS,Other,SEVERAL LOCATIONS,LONDON,N6B 1Z2,200.00,Square feet,168,0.00000,"11,069.96031",kWh,,,,,,,,,,,,,,,,,,,,,448.86475,55.34980,0.00000,
BYRON CC - POLE BASE,Community centres,1308 NORMAN AVE,LONDON,N6K 2A3,"8,290.00",Square feet,126,0.00000,"110,816.92786",kWh,"21,655.00590",Cubic Meter,,,,,,,,,,,,,,,,,,,"45,434.94363",41.12925,0.00000,
BYRON CC & POOL,Indoor swimming pools,1308 NORMAN AVE,LONDON,N6K 2A3,"1,540.00",Square feet,168,0.00000,"18,873.97877",kWh,,,,,,,,,,,,,,,,,,,,,765.30209,12.25583,0.00000,
BYRON CC-TENNIS COURTS,Community centres,1308 NORMAN AVE,LONDON,N6K 2A3,"1,540.00",Square feet,168,0.00000,"1,992.90000",kWh,,,,,,,,,,,,,,,,,,,,,80.80811,1.29409,0.00000,
BYRON PUMP STN,Facilities related to the pumping of sewage,1322 OLD BRIDGE RD,LONDON,N6K 1Y2,540.00,Square feet,168,1537.20000,"199,299.40633",kWh,,,,,,,,,,,,,,,,,,,,,"8,081.19233",369.07297,129.65093,
CAMPBELL MEMORIAL PARK,Other,380 DUNDAS ST,LONDON,N6B 1V7,"2,000.00",Square feet,168,0.00000,"1,241.12394",kWh,,,,,,,,,,,,,,,,,,,,,50.32509,0.62056,0.00000,
CANADA GAMES AQUATIC CTR,Indoor swimming pools,1045 WONDERLAND RD N,LONDON,N6G 2Y9,"51,248.00",Square feet,126,0.00000,"1,629,908.27677",kWh,"188,086.72037",Cubic Meter,,,,,,,,,,,,,,,,,,,"421,691.35268",70.80963,0.00000,
CARLING ARENA,Indoor ice rinks,675 GROSVENOR ST,LONDON,N5Y 3T5,"52,390.00",Square feet,126,0.00000,"884,955.94331",kWh,"96,729.16537",Cubic Meter,,,,,,,,,,,,,,,,,,,"218,761.96533",36.51407,0.00000,
CARLING HEIGHTS OCC - SHED,Other,656 ELIZABETH ST,LONDON,N5Y 6L3,"2,000.00",Square feet,126,0.00000,"5,489.68912",kWh,"8,040.62040",Cubic Meter,,,,,,,,,,,,,,,,,,,"15,424.40994",45.47180,0.00000,
CARLING HEIGHTS OCC,Community centres,654 ELIZABETH ST,LONDON,N5Y 6L3,"38,090.00",Square feet,126,0.00000,"941,291.61733",kWh,"105,379.82370",Cubic Meter,,,,,,,,,,,,,,,,,,,"237,401.43244",54.11512,0.00000,
CAVENDISH OPS CTRE,"Storage facilities where equipment or vehicles are maintained, repaired or stored",136 CAVENDISH CRES,LONDON,N6H 1A6,850.00,Square feet,70,0.00000,"3,794.98439",kWh,,,,,,,,,,,,,,,,,,,,,153.87903,4.46469,0.00000,
CENTENNIAL HALL District Cooling,Auditoriums,550 WELLINGTON ST,LONDON,N6A 3P9,"50,050.00",Square feet,70,0.00000,,,,,,,,,,,,,,,,,,,803.32000,Giga Joule,No,0.00000,"2,741.82756",1.35104,0.00000,
CENTENNIAL HALL,Auditoriums,550 WELLINGTON ST,LONDON,N6A 3P9,"50,050.00",Square feet,168,0.00000,"496,238.64584",kWh,"6,343.57225",Cubic Meter,,,,,,,,,,,"1,970.00000",Giga Joule,No,0.00000,,,,,"148,932.43149",22.19538,0.00000,
CHELSEA GREEN PUMP STN,Facilities related to the pumping of sewage,1 ADELAIDE ST S,LONDON,N5Z 3K2,100.00,Square feet,126,40.49000,"47,363.85848",kWh,,,,,,,,,,,,,,,,,,,,,"1,920.50973",473.63858,"1,169.76682",
CITY HALL,"Administrative offices and related facilities, including municipal council chambers",300 DUFFERIN AVE,LONDON,N6B 1Z2,"174,990.00",Square feet,126,0.00000,"2,339,772.78266",kWh,,,,,,,,,,,,,"7,025.45000",Giga Joule,No,0.00000,"2,840.77000",Giga Joule,No,0.00000,"521,166.11940",25.88953,0.00000,
CITY OWNED PROPERTIES,Other,SEVERAL LOCATIONS,LONDON,N6B 1Z2,"5,000.00",Square feet,168,0.00000,"3,401.51435",kWh,,,,,,,,,,,,,,,,,,,,,137.92460,0.68030,0.00000,
CITY WIDE SPORTS PARK,Other,1610 COMMISSIONERS RD E,LONDON,N6M 1E8,"5,069.00",Square feet,126,0.00000,"170,491.54051",kWh,,,,,,,,,,,,,,,,,,,,,"6,913.09098",33.63416,0.00000,
CIVIC GARDEN COMPLEX,Community centres,625 SPRINGBANK DR,LONDON,N6K 4T1,"19,312.00",Square feet,168,0.00000,"147,500.77759",kWh,"108,344.24324",Cubic Meter,,,,,,,,,,,,,,,,,,,"210,819.41310",67.26177,0.00000,
CLARKE RD PUMP STN,Facilities related to the pumping of sewage,479 CLARKE RD,LONDON,N5W 6H1,"3,040.00",Square feet,168,1465.95000,"247,710.71932",kWh,,,,,,,,,,,,,,,,,,,,,"10,044.17425",81.48379,168.97624,
COAL TAR,Other,75 HORTON ST,LONDON,N6J 1E8,300.00,Square feet,168,0.00000,"27,490.33771",kWh,,,,,,,,,,,,,,,,,,,,,"1,114.67821",91.63446,0.00000,
COLBORNE BUILDING (OLD SOUTH ST HOSPITAL),Other,391 SOUTH STREET,LONDON,N6B 1B8,"26,225.00",Square feet,168,0.00000,0.25000,kWh,,,,,,,,,,,,,,,,,,,,,0.01014,0.00001,0.00000,
CRESTWOOD PUMP STN,Facilities related to the pumping of water,999 GABOR ST,LONDON,N6K4V5,0.00,Square feet,168,71.19000,"17,688.29897",kWh,,,,,,,,,,,,,,,,,,,,,717.22515,0.00000,248.46606,
DEARNESS HOME,Other,710 SOUTHDALE RD E,LONDON,N6E 1R8,"186,664.00",Square feet,168,0.00000,"3,744,437.85000",kWh,,,,,,,,,,,,,,,,,,,,,"151,829.46594",20.05978,0.00000,
DEARNESS NG TRANSP,Other,710 SOUTHDALE RD E,LONDON,N6E 1R8,"186,664.00",Square feet,168,0.00000,,,"603,581.32971",Cubic Meter,,,,,,,,,,,,,,,,,,,"1,141,147.15865",34.36510,0.00000,
DINGMAN CREEK PUMP STN,Facilities related to the pumping of sewage,3506 DINGMAN DR,LONDON,N6E 3X1,0.00,,126,0.14000,"208,357.47161",kWh,,,,,,,,,,,,,,,,,,,,,"8,448.47876",0.00000,"1,488,267.65437",
EAST LIONS ARTISANS CC  & POOL,Community centres,1731 CHURCHILL AVE,LONDON,N5W 5P4,"6,682.00",Square feet,126,0.00000,"101,732.69751",kWh,"29,957.71063",Cubic Meter,,,,,,,,,,,,,,,,,,,"60,763.91400",62.87288,0.00000,
EAST LIONS PARK-POOL,Other,1731 CHURCHILL AVE,LONDON,N5W 5P4,"3,700.00",Square feet,168,0.00000,12.93068,kWh,,,,,,,,,,,,,,,,,,,,,0.52431,0.00349,0.00000,
EAST PARK PUMP STN,Facilities related to the pumping of sewage,1313 HAMILTON RD,LONDON,N5W 1B1,"2,340.00",Square feet,168,496.03000,"84,634.08419",kWh,,,,,,,,,,,,,,,,,,,,,"3,431.74285",36.16841,170.62291,
ED BLAKE PK,Other,449 BARKER ST,LONDON,N5Y 5B2,"1,045.00",Square feet,60,0.00000,"11,284.32290",kWh,,,,,,,,,,,,,,,,,,,,,457.55673,10.79840,0.00000,
ENVIRO PROGS - RENTAL,"Administrative offices and related facilities, including municipal council chambers","520 WELLINGTON ST UN 1,2,3",LONDON,N6A 3R2,"2,819.00",Square feet,126,0.00000,"26,654.34182",kWh,,,,,,,,,,,,,,,,,,,,,"1,080.78025",9.45525,0.00000,
EP WILLIAMS ESTATE,Cultural facilities,101 WINDERMERE RD,LONDON,N6G 2J4,"9,330.00",Square feet,168,0.00000,"22,272.38879",kWh,"9,925.56690",Cubic Meter,,,,,,,,,,,,,,,,,,,"19,668.64559",13.69337,0.00000,
EUSTON ST FAN HOUSE PUMP STN,Facilities related to the pumping of sewage,157 WINSTON AVE,LONDON,N6J 1R7,520.00,Square feet,126,8.53000,"46,417.39875",kWh,,,,,,,,,,,,,,,,,,,,,"1,882.13268",89.26423,"5,441.66457",
EXETER RD OC,"Storage facilities where equipment or vehicles are maintained, repaired or stored",707 EXETER RD,LONDON,N6E 1L3,"57,100.00",Square feet,168,0.00000,"716,508.22411",kWh,"66,287.46194",Cubic Meter,,,,,,,,,,,,,,,,,,,"154,377.84077",24.88610,0.00000,
FANSHAWE GOLF COURSE-MAIN CLUBHOUSE,Other,2835 SUNNINGDALE RD E,LONDON,N5X 3Y7,"11,335.00",Square feet,168,0.00000,"243,688.20578",kWh,,,,,,,,,,,,,,,,,,,,,"9,881.06937",21.49874,0.00000,
FANSHAWE GOLF COURSE-MTCE BLDG,Other,2835 SUNNINGDALE RD E,LONDON,N5X 3Y7,"2,800.00",Square feet,168,0.00000,"41,657.48638",kWh,,,,,,,,,,,,,,,,,,,,,"1,689.12776",14.87767,0.00000,
FANSHAWE GOLF COURSE-PARKSIDE NINE,Other,2835 SUNNINGDALE RD E,LONDON,N5X 3Y7,"1,760.00",Square feet,168,0.00000,"2,044.52729",kWh,,,,,,,,,,,,,,,,,,,,,82.90149,1.16166,0.00000,
FANSHAWE GOLF COURSE-SPREADER PUMP ,Other,2835 SUNNINGDALE RD E,LONDON,N5X 3Y7,"2,800.00",Square feet,168,0.00000,"58,131.60000",kWh,,,,,,,,,,,,,,,,,,,,,"2,357.12012",20.76129,0.00000,
FANSHAWE WELLS,Facilities related to the pumping of water,2835 CLARKE RD,LONDON,N5X 3Y7,0.00,Square feet,126,1.10000,"73,524.41637",kWh,,,,,,,,,,,,,,,,,,,,,"2,981.26804",0.00000,"66,840.37852",
FARQUHARSON ARENA,Indoor ice rinks,411 TECUMSEH AVE E,LONDON,N6C 1T4,"38,573.00",Square feet,168,0.00000,"610,142.78639",kWh,"32,772.36206",Cubic Meter,,,,,,,,,,,,,,,,,,,"86,700.38227",24.84744,0.00000,
FIDO PARK FIELD HOUSE,Other,733 WINDERMERE RD,LONDON,N5X 3P1,647.00,Square feet,168,0.00000,"1,901.38067",kWh,,,,,,,,,,,,,,,,,,,,,77.09718,2.93876,0.00000,
FIRE HALL # 01,Fire stations and associated offices and facilities,400 HORTON ST E,LONDON,N6B 1L7,"32,937.00",Square feet,168,0.00000,"355,623.37146",kWh,"41,988.86624",Cubic Meter,,,,,,,,,,,,,,,,,,,"93,805.10068",24.34562,0.00000,
FIRE HALL # 02,Fire stations and associated offices and facilities,1103 FLORENCE ST,LONDON,N5W 2M7,"24,700.00",Square feet,168,0.00000,"400,252.36364",kWh,"53,386.96662",Cubic Meter,,,,,,,,,,,,,,,,,,,"117,164.27337",39.17559,0.00000,
FIRE HALL # 03,Fire stations and associated offices and facilities,550 COMMISSIONERS RD W,LONDON,N6K 1B7,"8,052.00",Square feet,168,0.00000,"71,279.51007",kWh,"19,191.71519",Cubic Meter,,,,,,,,,,,,,,,,,,,"39,174.61648",34.18341,0.00000,
FIRE HALL # 04,Fire stations and associated offices and facilities,807 COLBORNE ST,LONDON,N6A 3Z8,"4,418.00",Square feet,168,0.00000,"65,163.17753",kWh,"8,141.24433",Cubic Meter,,,,,,,,,,,,,,,,,,,"18,034.29287",34.33375,0.00000,
FIRE HALL # 05,Fire stations and associated offices and facilities,751 DEVERON CRES,LONDON,N5Z 5E6,"8,120.00",Square feet,168,0.00000,"84,706.55997",kWh,"11,800.84370",Cubic Meter,,,,,,,,,,,,,,,,,,,"25,745.67531",25.87725,0.00000,
FIRE HALL # 06,Fire stations and associated offices and facilities,590 OXFORD ST W,LONDON,N6H 1T9,"9,666.00",Square feet,168,0.00000,"79,700.34976",kWh,"18,361.86824",Cubic Meter,,,,,,,,,,,,,,,,,,,"37,947.13365",28.43433,0.00000,
FIRE HALL # 07,Fire stations and associated offices and facilities,1295 WEBSTER ST,LONDON,N5V 3P8,"6,594.00",Square feet,168,0.00000,"73,977.99011",kWh,"14,342.35571",Cubic Meter,,,,,,,,,,,,,,,,,,,"30,115.70448",34.33505,0.00000,
FIRE HALL # 08,Fire stations and associated offices and facilities,1565 WESTERN RD,LONDON,N6G 1H5,"6,594.00",Square feet,168,0.00000,"56,721.42515",kWh,"14,427.17356",Cubic Meter,,,,,,,,,,,,,,,,,,,"29,576.34422",31.85475,0.00000,
FIRE HALL # 09,Fire stations and associated offices and facilities,746 WELLINGTON RD,LONDON,N6C 4R2,"15,388.00",Square feet,168,0.00000,"126,336.87871",kWh,"18,266.79542",Cubic Meter,,,,,,,,,,,,,,,,,,,"39,658.40438",20.82612,0.00000,
FIRE HALL # 10,Fire stations and associated offices and facilities,2125 TRAFALGAR ST,LONDON,N5V 4Z7,"9,063.00",Square feet,168,0.00000,"115,338.91449",kWh,"23,551.62824",Cubic Meter,,,,,,,,,,,,,,,,,,,"49,204.10654",40.34430,0.00000,
FIRE HALL # 11,Fire stations and associated offices and facilities,7109 WESTMINSTER DR,LONDON,N6P 1N4,"10,187.00",Square feet,168,0.00000,"99,781.11777",kWh,"20,982.56143",Cubic Meter,,,,,,,,,,,,,,,,,,,"43,716.12194",31.68539,0.00000,
FIRE HALL # 12,Fire stations and associated offices and facilities,275 BOLER RD,LONDON,N6K 2J9,"12,000.00",Square feet,168,0.00000,"258,185.20303",kWh,"34,162.37637",Cubic Meter,,,,,,,,,,,,,,,,,,,"75,057.20476",51.77128,0.00000,
FIRE HALL # 12-GREY BOX SEASONAL,Fire stations and associated offices and facilities,275 BOLER RD,LONDON,N6K 2J9,100.00,Square feet,168,0.00000,309.33666,kWh,,,,,,,,,,,,,,,,,,,,,12.54298,3.09337,0.00000,
FIRE HALL # 13,Fire stations and associated offices and facilities,790 FANSHAWE PK RD E,LONDON,N5X 1L5,"4,400.00",Square feet,168,0.00000,"27,827.20150",kWh,"4,579.39285",Cubic Meter,,,,,,,,,,,,,,,,,,,"9,786.26113",17.38545,0.00000,
FIRE HALL # 14,Fire stations and associated offices and facilities,2225 HYDE PARK RD,LONDON,N6H 5K2,"8,429.00",Square feet,168,0.00000,"63,964.32602",kWh,"7,258.38654",Cubic Meter,,,,,,,,,,,,,,,,,,,"16,316.52706",16.74040,0.00000,
FORKS OF THE THAMES MUSEUM & SPL P,Other,1 DUNDAS ST,LONDON,N6A 5L7,"1,760.00",Square feet,168,0.00000,"34,390.56658",kWh,"2,044.15369",Cubic Meter,,,,,,,,,,,,,,,,,,,"5,259.20085",31.88374,0.00000,
GIBBONS PARK-POOL-SPLASH PAD,Other,2A GROSVENOR ST,LONDON,N6A 1Y4,"3,746.00",Square feet,168,0.00000,"35,167.55148",kWh,"13,006.89108",Cubic Meter,,,,,,,,,,,,,,,,,,,"26,017.15333",46.28988,0.00000,
GLANWORTH PARK-FIELD HOUSE,Other,6536 BRADISH RD,LONDON,N6N 1N6,"2,165.00",Square feet,126,0.00000,"2,129.66367",kWh,,,,,,,,,,,,,,,,,,,,,86.35360,0.98368,0.00000,
GLEN CAIRN ARENA & POOL,Indoor ice rinks,370 CHIPPENDALE CRES,LONDON,N5Z 3G2,"29,370.00",Square feet,168,0.00000,"420,367.43771",kWh,"56,133.35382",Cubic Meter,,,,,,,,,,,,,,,,,,,"123,172.29319",34.62513,0.00000,
GORE RD PUMP STN,Facilities related to the pumping of sewage,3045 GORE RD,LONDON,N5V 4T2,0.00,Square feet,168,3.58000,"1,621.33579",kWh,,,,,,,,,,,,,,,,,,,,,65.74192,0.00000,452.88709,
GREENWAY PARK #2,Other,5 GREENSIDE AVE,LONDON,N6J 2X5,"1,001.00",Square feet,168,0.00000,121.26405,kWh,,,,,,,,,,,,,,,,,,,,,4.91701,0.12114,0.00000,
GREENWAY PCC,Facilities related to the treatment of sewage,,,,"35,952.00",Square feet,70,40369.00000,"23,746,715.14581",kWh,"472,145.42707",Cubic Meter,,,,,,,,,,,,,,,,,,,,,,
GROSVENOR LODGE,Cultural facilities,1017 WESTERN RD,LONDON,N6G 1G5,"9,220.00",Square feet,126,0.00000,"48,023.80158",kWh,"11,425.85116",Cubic Meter,,,,,,,,,,,,,,,,,,,"23,549.29181",18.37909,0.00000,
HAMILTON RD SENIORS CENTRE,Community centres,898 TRAFALGAR ST,LONDON,N5Z 1G2,"8,622.00",Square feet,168,0.00000,"83,935.90134",kWh,"15,294.07821",Cubic Meter,,,,,,,,,,,,,,,,,,,"32,318.83014",28.58710,0.00000,
HAMLYN PARK-EQUIPMENT BLDG,Other,101 DENNIS AVE,LONDON,N6P 1B5,"1,266.00",Square feet,168,0.00000,744.31000,kWh,,,,,,,,,,,,,,,,,,,,,30.18028,0.58792,0.00000,
HARRIS PARK,Other,531 RIDOUT ST N,LONDON,N6A 2P9,800.00,Square feet,168,0.00000,"29,154.19000",kWh,,,,,,,,,,,,,,,,,,,,,"1,182.14410",36.44274,0.00000,
HAZELDON PUMP STN,Facilities related to the treatment of sewage,32 1/2 HAMPTON CRES,LONDON,N6H 2N8,0.00,Square feet,168,50.07000,"11,032.30750",kWh,,,,,,,,,,,,,,,,,,,,,447.33800,0.00000,220.33768,
HUNT CLUB PUMP STN,Facilities related to the pumping of sewage,104 FITZWILLIAM BLVD,LONDON,N6H 5H4,625.00,Square feet,168,622.70700,"68,875.79185",kWh,,,,,,,,,,,,,,,,,,,,,"2,792.77561",110.20127,110.60706,
HURON PUMP STN,Facilities related to the pumping of sewage,1099 WILLIAM ST,LONDON,N5Y 2V4,256.00,Square feet,168,106.04000,"18,987.71814",kWh,,,,,,,,,,,,,,,,,,,,,769.91400,74.17077,179.06185,
HYDE PARK PUMP STN,Facilities related to the pumping of sewage,1439 STAFFORDSHIRE RD,LONDON,N6H 5P8,"1,313.00",Square feet,168,371.81000,"82,689.00000",kWh,8.91300,Cubic Meter,,,,,,,,,,,,,,,,,,,"3,369.72473",63.04930,222.65062,
HYDE PARK PUMP STN,Facilities related to the pumping of water,1439 STAFFORDSHIRE RD,LONDON,N6H 5P8,"1,313.00",Square feet,168,2895.33000,"167,941.00000",kWh,,,,,,,,,,,,,,,,,,,,,"6,809.67167",127.90632,58.00410,
IVEY PARK-PAVILLION,Other,331 THAMES ST,LONDON,N6A 5N8,"1,350.00",Square feet,70,0.00000,"9,879.46242",kWh,,,,,,,,,,,,,,,,,,,,,400.59244,7.31812,0.00000,
J ALLAN TAYLOR BLDG,"Administrative offices and related facilities, including municipal council chambers",267 DUNDAS ST,LONDON,N6A 1H2,"26,110.00",Square feet,168,0.00000,"269,784.21818",kWh,"17,466.34231",Cubic Meter,,,,,,,,,,,317.36000,Giga Joule,No,"1,365.00000",,,,,"62,780.45200",20.81839,0.00000,
JESSE DAVIDSON PARK 1-2 SPL PAD,Other,731 VISCOUNT RD,LONDON,N6J 4G9,500.00,Square feet,126,0.00000,"1,740.02683",kWh,,,,,,,,,,,,,,,,,,,,,70.55461,3.48005,0.00000,
KINSMEN ARENA SPLASH PAD,Indoor ice rinks,20 GRANVILLE ST,LONDON,N6H 1J3,"56,520.00",Square feet,168,0.00000,"1,077,800.35901",kWh,"112,138.54006",Cubic Meter,,,,,,,,,,,,,,,,,,,"255,714.80054",40.15541,0.00000,
KIWANIS PARK PAVILLION SPL PAD,Other,612 HALE ST,LONDON,N5W 1H4,"1,253.00",Square feet,126,0.00000,"6,412.53026",kWh,,,,,,,,,,,,,,,,,,,,,260.01528,5.11774,0.00000,
KIWANIS SENIOR CENTRE,Community centres,78 RIVERSIDE DR,LONDON,N6H 1B4,"17,200.00",Square feet,168,0.00000,"248,800.41542",kWh,"22,152.11604",Cubic Meter,,,,,,,,,,,,,,,,,,,"51,969.74794",28.15280,0.00000,
LABATT PARK-CLUB HOUSE,Other,25 WILSON AVE,LONDON,N6H 1X2,"1,425.00",Square feet,168,0.00000,"2,395.80007",kWh,,,,,,,,,,,,,,,,,,,,,97.14490,1.68126,0.00000,
LABATT PARK-ENTRANCE SSTNDS,Other,25 WILSON,LONDON,N6H 1X2,"2,850.00",Square feet,126,0.00000,"2,994.80764",kWh,,,,,,,,,,,,,,,,,,,,,121.43346,1.05081,0.00000,
LABATT PARK-NSTNDS - JANITORS RM,Other,25 WILSON ST,LONDON,N6H 1X2,"5,740.00",Square feet,168,0.00000,"41,556.38976",kWh,,,,,,,,,,,,,,,,,,,,,"1,685.02849",7.23979,0.00000,
LABATT PARK-SSTND,Other,25 WILSON AVE,LONDON,N6H 1X2,"17,736.00",Square feet,126,0.00000,"243,871.32577",kWh,,,,,,,,,,,,,,,,,,,,,"9,888.49452",13.75007,0.00000,
LAMBETH ARENA,Indoor ice rinks,7112  BEATTIE ST,LONDON,N6P 1A2,"38,519.00",Square feet,126,0.00000,"601,870.91708",kWh,,,,,,,,,,,,,,,,,,,,,"24,404.66195",15.62530,0.00000,
LAMBETH CC (NG ALSO FEEDS ARENA),Community centres,7112 BEATTIE ST,LONDON,N6P 1A2,"17,600.00",Square feet,168,0.00000,897.90000,kWh,"69,164.38717",Cubic Meter,,,,,,,,,,,,,,,,,,,"130,800.46587",41.81600,0.00000,
LAMBETH PARK (CAMPBELL ST)-BALL DIAMOND,Other,4200 CAMPBELL,LONDON,N6P 1S7,642.00,Square feet,168,0.00000,"7,937.58206",kWh,,,,,,,,,,,,,,,,,,,,,321.85308,12.36383,0.00000,
LANDFILL-W12-A,Other,3502 MANNING DR,LONDON,N6L 1K6,"2,183.00",Square feet,168,0.00000,"374,825.35195",kWh,"28,184.13121",Cubic Meter,,,,,,,,,,,,,,,,,,,"68,484.09781",308.91434,0.00000,
LITTLE LEAGUE PARK,Other,65 TWEED CRES,LONDON,N5X 1Z5,110.00,Square feet,168,0.00000,13.64000,kWh,,,,,,,,,,,,,,,,,,,,,0.55307,0.12400,0.00000,
MANOR PARK PUMP STN,Facilities related to the pumping of sewage,80 TECUMSEH AVE W,LONDON,N6C 1S1,0.00,Square feet,168,8.53000,"1,092.35387",kWh,,,,,,,,,,,,,,,,,,,,,44.29276,0.00000,128.06024,
MCMAHEN PARK,Other,640 ADELAIDE ST N,LONDON,N6B 2G4,"1,150.00",Square feet,168,0.00000,"4,210.31767",kWh,,,,,,,,,,,,,,,,,,,,,170.71996,3.66115,0.00000,
MCMAHEN PARK-PKG LOT-POLE BASE,Other,640 ADELAIDE ST N,LONDON,N6B 2G4,"1,150.00",Square feet,60,0.00000,"2,715.60000",kWh,,,,,,,,,,,,,,,,,,,,,110.11215,2.36139,0.00000,
MCMANUS BOATHOUSE,"Storage facilities where equipment or vehicles are maintained, repaired or stored",199 WONDERLAND RD S,LONDON,N6K 3T3,"6,127.00",Square feet,168,0.00000,"21,055.55258",kWh,"7,486.19843",Cubic Meter,,,,,,,,,,,,,,,,,,,"15,007.36942",16.42194,0.00000,
MEADOWGATE PARK,Other,3155 MEADOWGATE BLVD,LONDON,N6M 1L5,710.00,Square feet,126,0.00000,"1,427.40846",kWh,,,,,,,,,,,,,,,,,,,,,57.87856,2.01043,0.00000,
MEDWAY ARENA & SPLASH,Indoor ice rinks,119 SHERWOOD FOREST SQ,LONDON,N6G 2C3,"25,022.00",Square feet,168,0.00000,"408,363.62571",kWh,"43,999.25067",Cubic Meter,,,,,,,,,,,,,,,,,,,"99,744.49959",35.00831,0.00000,
MEDWAY PUMP STN,Facilities related to the pumping of sewage,1424 CORLEY DR,LONDON,N6G 2K4,0.00,Square feet,168,4418.18000,"662,088.31006",kWh,,,,,,,,,,,,,,,,,,,,,"26,846.35680",0.00000,149.85544,
MEREDITH PARK-FIELD HOUSE,Other,450 NELSON AVE,LONDON,N6B 1A8,900.00,Square feet,168,0.00000,"3,203.89606",kWh,,,,,,,,,,,,,,,,,,,,,129.91158,3.55988,0.00000,
MURRAY PARK-FIELD HOUSE,Other,75 CLIFTONVALE AVE,LONDON,N6J 1J6,900.00,Square feet,126,0.00000,"1,314.41000",kWh,,,,,,,,,,,,,,,,,,,,,53.29670,1.46046,0.00000,
NICHOLS ARENA,Indoor ice rinks,799 HOMEVIEW RD,LONDON,N6C 5S6,"75,560.00",Square feet,126,0.00000,"1,859,394.01703",kWh,"109,608.63532",Cubic Meter,,,,,,,,,,,,,,,,,,,"282,623.75397",40.02502,0.00000,
NORTH LONDON OCC,Community centres,1345 CHEAPSIDE ST,LONDON,N5V 3N9,"55,200.00",Square feet,168,0.00000,"644,040.00000",kWh,"67,422.40956",Cubic Meter,,,,,,,,,,,,,,,,,,,"153,585.16184",24.64838,0.00000,
NORTHEAST RECREATION CENTRE-POOL,Other,1050 VICTORIA,LONDON,N5Y 1L2,"1,690.00",Square feet,168,0.00000,"39,606.55839",kWh,"6,056.81100",Cubic Meter,,,,,,,,,,,,,,,,,,,"13,057.13714",61.52485,0.00000,
NORTHRIDGE POOL,Other,15 MCLEAN DR,LONDON,N5X 1Y3,"1,540.00",Square feet,168,0.00000,"18,498.30451",kWh,,,,,,,,,,,,,,,,,,,,,750.06925,12.01189,0.00000,
NORTHRIDGE PUMP STN,Facilities related to the pumping of sewage,19 1/2 BENSON CRES,LONDON,N5X 2B1,300.00,Square feet,168,221.21000,"28,772.15353",kWh,,,,,,,,,,,,,,,,,,,,,"1,166.65328",95.90718,130.06715,
OAKRDG PK-FLDHS-WADDING PL,Other,825 VALETTA ST,LONDON,N6H 2Z2,"1,420.00",Square feet,126,0.00000,"4,263.31547",kWh,,,,,,,,,,,,,,,,,,,,,172.86892,3.00233,0.00000,
OAKRIDGE ARENA-SPL PAD-POOL,Indoor ice rinks,825 VALETTA,LONDON,N6H 2Z2,"29,989.00",Square feet,126,0.00000,"351,999.60981",kWh,"58,480.00710",Cubic Meter,,,,,,,,,,,,,,,,,,,"124,836.76056",32.46231,0.00000,
OXFORD ENVIRO DEPOT,Other,1450 OXFORD ST W,LONDON,N6H 1W2,"1,000.00",Square feet,80,0.00000,"142,856.89051",kWh,,,,,,,,,,,,,,,,,,,,,"5,792.56120",142.85689,0.00000,
OXFORD OPS CTRE,"Storage facilities where equipment or vehicles are maintained, repaired or stored",1570 OXFORD ST W,LONDON,N6H 1W2,"6,765.00",Square feet,168,0.00000,,,"10,604.10000",Cubic Meter,,,,,,,,,,,,,,,,,,,"20,048.39777",16.65898,0.00000,
OXFORD PCP,Facilities related to the treatment of sewage,1570 OXFORD ST W,LONDON,N6H 1W2,"6,255.00",Square feet,168,3266.38500,"2,819,929.26774",kWh,,,,,,,,,,,,,,,,,,,,,"114,342.49195",450.82802,863.31809,
OXFORD ST W SALT SHED,Other,1570 OXFORD ST W,LONDON,N6H 1W2,"16,946.00",Square feet,168,0.00000,"48,811.14050",kWh,,,,,,,,,,,,,,,,,,,,,"1,979.19413",2.88039,0.00000,
PAARDEBURG PUMP STN,Facilities related to the pumping of sewage,31 1/2 PAARDEBURG CRES,LONDON,N5Y 1B9,100.00,Square feet,168,54.80000,"8,940.71568",kWh,,,,,,,,,,,,,,,,,,,,,362.52814,89.40716,163.15175,
PITCARNIE PUMP STN,Facilities related to the pumping of sewage,58 PITCARNIE CRES,LONDON,N6G 4N3,100.00,Square feet,168,9054.00000,"6,228.99191",kWh,,,,,,,,,,,,,,,,,,,,,252.57316,62.28992,0.68798,
PLANNING/DEV - RENTAL,Other,520 WELLINGTON ST UN 11 &12,LONDON,N6A 4L9,"2,819.00",Square feet,168,0.00000,"35,283.11452",kWh,,,,,,,,,,,,,,,,,,,,,"1,430.65973",12.51618,0.00000,
POND MILLS PUMP STN 1,Facilities related to the pumping of sewage,1121 COMMISSIONERS RD E,LONDON,N5Z 4L9,"1,020.00",Square feet,168,347.52000,"52,773.60000",kWh,,,,,,,,,,,,,,,,,,,,,"2,139.86393",51.73882,151.85773,
POND MILLS PUMP STN,Facilities related to the pumping of sewage,1121 COMMISSIONERS RD E,LONDON,N5Z 4L9,"1,020.00",Square feet,168,1428.28000,"345,044.36000",kWh,,,,,,,,,,,,,,,,,,,,,"13,990.85871",338.27878,241.58033,
POTTERSBURG PCP,Facilities related to the pumping of water,1139 HAMILTON RD,LONDON,N5W 1B1,"11,930.00",Square feet,70,8519.10000,"4,642,684.44097",kWh,"81,391.77813",Cubic Meter,,,,,,,,,,,,,,,,,,,"342,133.06203",461.66791,646.51173,
PROVINCIAL OFFENCE ACT OFFICES,"Administrative offices and related facilities, including municipal council chambers",824 DUNDAS ST,LONDON,N5W 5R1,"22,690.00",Square feet,168,0.00000,"307,645.71429",kWh,"27,725.38053",Cubic Meter,,,,,,,,,,,,,,,,,,,"64,892.77144",26.54495,0.00000,
RIVER BEND PUMP STN,Facilities related to the pumping of water,2120 KAINS RD,LONDON,N6K 0C1,"3,800.00",Square feet,168,228.92000,"200,994.78696",kWh,,,,,,,,,,,,,,,,,,,,,"8,149.93662",52.89336,878.01322,
RIVER RD GOLF COURSE-MAIN CLUBHOUSE,Other,2115 RIVER RD,LONDON,N5W 6C4,"4,500.00",Square feet,168,0.00000,"76,322.54906",kWh,"7,450.45003",Cubic Meter,,,,,,,,,,,,,,,,,,,"17,180.74870",34.55650,0.00000,
RIVER RD GOLF COURSE-MTCE BLDG,Other,2115 RIVER RD,LONDON,N5W 6C4,"2,400.00",Square feet,70,0.00000,"12,303.50764",kWh,,,,,,,,,,,,,,,,,,,,,498.88263,5.12646,0.00000,
ROSE GARDEN - OFFICE/STORAGE,Other,645 SPRINGBANK DR,LONDON,N6K 4T1,"6,240.00",Square feet,168,0.00000,"50,841.74561",kWh,"8,187.25176",Cubic Meter,,,,,,,,,,,,,,,,,,,"17,540.57033",22.09199,0.00000,
ROWNTREE PARK SPLASH PAD,Other,750 WHETTER AVE,LONDON,N6C 2C3,896.00,Square feet,168,0.00000,"1,927.41162",kWh,,,,,,,,,,,,,,,,,,,,,78.15269,2.15113,0.00000,
SANDFORD PUMP STN,Facilities related to the pumping of sewage,1251 SANDFORD,LONDON,N5V 3Y1,100.00,Square feet,168,123.50000,"24,989.51569",kWh,,,,,,,,,,,,,,,,,,,,,"1,013.27488",249.89516,202.34426,
SE 3,Other,28 CLARKE RD,LONDON,N5W 5W5,980.00,Square feet,126,0.00000,"27,291.86138",kWh,,,,,,,,,,,,,,,,,,,,,"1,106.63040",27.84884,0.00000,
SILVERWOOD ARENA,Indoor ice rinks,50 SYCAMORE ST,LONDON,N5Z 1K8,"25,032.00",Square feet,168,0.00000,"290,544.00000",kWh,"23,304.58123",Cubic Meter,,,,,,,,,,,,,,,,,,,"55,841.24861",21.50127,0.00000,
SILVERWOOD BATH HOUSE-SNORKLE,Other,50 SYCAMORE ST,LONDON,N5Z 1K8,"3,720.00",Square feet,168,0.00000,"3,150.09941",kWh,,,,,,,,,,,,,,,,,,,,,127.73023,0.84680,0.00000,
SOUTH LEAKSDALE,Other,287 SOUTH LEAKSDALE CIR,LONDON,N6M 1K3,"1,050.00",Square feet,126,0.00000,"3,131.74395",kWh,,,,,,,,,,,,,,,,,,,,,126.98595,2.98261,0.00000,
SOUTH LONDON CC,Community centres,1119 JALNA BLVD,LONDON,N6E 3B3,"29,460.00",Square feet,126,0.00000,"257,144.00000",kWh,"78,738.26934",Cubic Meter,,,,,,,,,,,,,,,,,,,"159,291.37287",37.13363,0.00000,
SOUTH LONDON POOL - TVDSB,Indoor swimming pools,565 BRADLEY AVE,LONDON,N63 3Z8,"18,116.00",Square feet,168,0.00000,"837,208.22581",kWh,"116,476.90323",Cubic Meter,,,,,,,,,,,,,,,,,,,"254,161.49726",114.54509,0.00000,
SOUTHCREST POOL,Other,10 HAZELWOOD AVE,LONDON,N6J 3K1,"4,636.00",Square feet,168,0.00000,"59,073.68155",kWh,,,,,,,,,,,,,,,,,,,,,"2,395.31964",12.74238,0.00000,
SOUTHEAST OPT PK-FLD HS-SPL PAD,Other,237 DEVERON CRES,LONDON,N5Z 4J7,"1,138.00",Square feet,168,0.00000,"16,282.02910",kWh,,,,,,,,,,,,,,,,,,,,,660.20372,14.30758,0.00000,
SOUTHLAND POLLUTION PLANT,Facilities related to the pumping of sewage,100 DENNIS AVE,LONDON,N6P 1B5,640.00,Square feet,168,95.26000,"172,184.18593",kWh,,,,,,,,,,,,,,,,,,,,,"6,981.72437",269.03779,"1,807.51822",
SOUTHWEST OPT PARK 1-2,Other,682 SOUTHDALE RD W,LONDON,N6K 4W7,"1,734.00",Square feet,168,0.00000,"32,605.14768",kWh,,,,,,,,,,,,,,,,,,,,,"1,322.07353",18.80343,0.00000,
SOUTHWINDS PUMP STN,Facilities related to the pumping of sewage,3938 WEST GRAHAM PL,LONDON,N6P 1G3,430.00,Square feet,126,94.51000,"99,475.82672",kWh,,,,,,,,,,,,,,,,,,,,,"4,033.54582",231.33913,"1,052.54287",
SPRINGBANK GARDENS COM CTRE,Community centres,205 WONDERLAND RD S,LONDON,N6K 3T3,"2,420.00",Square feet,168,0.00000,"36,029.49274",kWh,"4,983.18542",Cubic Meter,,,,,,,,,,,,,,,,,,,"10,882.26878",36.77259,0.00000,
SPRINGBANK PARK WASHROOM,Other,1085 COMMISSIONERS RD W,LONDON,N6K 1C6,"1,001.00",Square feet,168,0.00000,"36,362.81402",kWh,,,,,,,,,,,,,,,,,,,,,"1,474.43938",36.32649,0.00000,
SPRINGBANK PARK-CONCESSION,Other,1085 COMMISSIONERS RD W,LONDON,N6K 1C6,869.00,Square feet,70,0.00000,"4,986.67683",kWh,,,,,,,,,,,,,,,,,,,,,202.19977,5.73841,0.00000,
SPRINGBANK PARK-FLINT COTTAGE,Community centres,1097 SPRINGBANK DR,LONDON,N6K 1C5,"1,773.00",Square feet,168,0.00000,"2,106.25707",kWh,"1,525.33937",Cubic Meter,,,,,,,,,,,,,,,,,,,"2,969.25231",10.33120,0.00000,
SPRINGBANK PARK-FLINT SHELTER,Other,1085 COMMISSIONERS RD W,LONDON,N6K 1C6,"1,635.00",Square feet,168,0.00000,"10,630.21389",kWh,,,,,,,,,,,,,,,,,,,,,431.03391,6.50166,0.00000,
SPRINGBANK PARK-PUMP HOUSE LIGHTS,Other,1085 COMMISSIONERS RD W,LONDON,N6K 1C6,"1,635.00",Square feet,168,0.00000,588.36211,kWh,,,,,,,,,,,,,,,,,,,,,23.85691,0.35985,0.00000,
SPRINGBANK PARK-PUMP HOUSE,Other,1085 COMMISSIONERS RD W,LONDON,N6K 1C6,"5,493.00",Square feet,168,0.00000,"113,850.61564",kWh,,,,,,,,,,,,,,,,,,,,,"4,616.41476",20.72649,0.00000,
SPRINGBANK PMP HSE  FCV #8-12,Other,883 SPRINGBANK DR,LONDON,N6K 1A5,"3,209.00",Square feet,168,0.00000,"1,518.40000",kWh,,,,,,,,,,,,,,,,,,,,,61.56808,0.47317,0.00000,
SPRINGBANK PUMP STN/# 3 RES(split),Facilities related to the pumping of water,844 COMMISSIONERS RD W,LONDON,N6K 1C2,0.00,Square feet,168,4392.00000,"715,283.97382",kWh,,,,,,,,,,,,,,,,,,,,,"29,003.33457",0.00000,162.86065,
ST JULIEN PARK-FIELD HOUSE,Other,15 TOMMY HUNTER WAY,LONDON,N5Z 2T4,556.00,Square feet,168,0.00000,"4,258.60772",kWh,,,,,,,,,,,,,,,,,,,,,172.67803,7.65937,0.00000,
STANLEY STREET PUMP STN,Facilities related to the pumping of sewage,10 BECHER ST,LONDON,N6C 1B1,0.00,Square feet,168,68.70000,"10,044.25018",kWh,28.34000,Cubic Meter,,,,,,,,,,,,,,,,,,,460.85463,0.00000,150.58867,
STONEYBROOK RECREATION,Other,1207 ADELAIDE ST N,LONDON,N5X 1J9,"2,712.00",Square feet,70,0.00000,"74,984.81379",kWh,,,,,,,,,,,,,,,,,,,,,"3,040.48423",27.64927,0.00000,
STORAGE BUILDING,"Storage facilities where equipment or vehicles are maintained, repaired or stored",1220 ADELAIDE ST N,LONDON,N5Y 2N4,"2,440.00",Square feet,168,0.00000,"13,860.53393",kWh,,,,,,,,,,,,,,,,,,,,,562.01693,5.68055,0.00000,
STORYBOOK -CONCESSION-PIECES OF 8,Other,1958 STORYBOOK LN,LONDON,N6K 4Y6,"1,050.00",Square feet,168,0.00000,"10,590.10607",kWh,,,,,,,,,,,,,,,,,,,,,429.40762,10.08582,0.00000,
STORYBOOK PLAYWORLD,Other,1958 STORYBOOK LN,LONDON,N6K 4Y6,"14,300.00",Square feet,168,0.00000,26.20000,kWh,,,,,,,,,,,,,,,,,,,,,1.06236,0.00183,0.00000,
STRONACH - STADIUM/CONCESSION,Other,1221 SANDFORD ST,LONDON,N5V 2J8,"1,800.00",Square feet,126,0.00000,"30,549.46952",kWh,,,,,,,,,,,,,,,,,,,,,"1,238.71989",16.97193,0.00000,
STRONACH ARENA & POOL & SPLASH,Indoor recreational facilities,1221 SANDFORD,LONDON,N5V 2J8,"76,692.00",Square feet,168,0.00000,"1,477,417.05168",kWh,"126,141.56827",Cubic Meter,,,,,,,,,,,,,,,,,,,"298,392.96140",36.74466,0.00000,
SUMMERCREST PUMP STN,Facilities related to the pumping of sewage,135 OPTIMIST PK DR,LONDON,N6K 4M1,625.00,Square feet,168,112.76000,"39,216.30158",kWh,,,,,,,,,,,,,,,,,,,,,"1,590.14260",62.74608,347.78558,
SUNNINGHILL PUMP STN,Facilities related to the pumping of sewage,18 MACKELLAR AVE,LONDON,N6H 3L9,0.00,Square feet,168,144.78000,"24,631.96959",kWh,,,,,,,,,,,,,,,,,,,,,998.77710,0.00000,170.13379,
TALBOT VILLAGE PUMP STN,Facilities related to the pumping of sewage,6664 PACK RD,LONDON,N6P 1M1,196.00,Square feet,70,138.28000,"67,696.83510",kWh,,,,,,,,,,,,,,,,,,,,,"2,744.97127",345.39202,489.56346,
T-BLOCK(NG shared WOLSELY),"Administrative offices and related facilities, including municipal council chambers",652 ELIZABETH ST,LONDON,N5Y 4T7,"16,320.00",Square feet,168,0.00000,"40,641.76816",kWh,"31,585.12347",Cubic Meter,,,,,,,,,,,,,,,,,,,"61,363.62964",23.05891,0.00000,
THAMES GC-SNK B 10TH/PARK LT,Other,850 SUNNINGHILL AVE,LONDON,N6H 3L9,950.00,Square feet,168,0.00000,"22,108.52747",kWh,,,,,,,,,,,,,,,,,,,,,896.45657,23.27213,0.00000,
THAMES GOLF COURSE-IRRIGATION PUMP,Other,850 SUNNINGHILL AVE,LONDON,N6H 3L9,950.00,Square feet,168,0.00000,"119,465.10000",kWh,,,,,,,,,,,,,,,,,,,,,"4,844.07087",125.75274,0.00000,
THAMES GOLF COURSE-MAIN CLUBHOUSE,Other,850 SUNNINGHILL AVE,LONDON,N6H 3L9,"12,550.00",Square feet,168,0.00000,"250,487.00704",kWh,,,,,,,,,,,,,,,,,,,,,"10,156.74716",19.95912,0.00000,
THAMES GOLF COURSE-MTCE BLDG,Other,850 SUNNINGHILL AVE,LONDON,N6H 3L9,"4,200.00",Square feet,168,0.00000,"19,687.81719",kWh,,,,,,,,,,,,,,,,,,,,,798.30161,4.68758,0.00000,
THAMES PARK - BALL DIAMOND LIGHT,Other,15 RIDOUT ST,LONDON,N6Z 4H6,"5,264.00",Square feet,168,0.00000,"34,472.30421",kWh,,,,,,,,,,,,,,,,,,,,,"1,397.78299",6.54869,0.00000,
THAMES PARK-FIELD HOUSE,Other,15 RIDOUT ST,LONDON,N6Z 4H6,"1,133.00",Square feet,168,0.00000,"1,350.07057",kWh,,,,,,,,,,,,,,,,,,,,,54.74266,1.19159,0.00000,
THAMES PARK-POOL,Other,15 RIDOUT ST,LONDON,N6Z 4H6,"5,264.00",Square feet,70,0.00000,"111,408.19500",kWh,"84,088.08300",Cubic Meter,,,,,,,,,,,,,,,,,,,"163,496.57959",190.93419,0.00000,
TOURISM LONDON,"Administrative offices and related facilities, including municipal council chambers",696 WELLINGTON RD,LONDON,N6C 4R2,"3,400.00",Square feet,168,0.00000,"35,409.48563",kWh,"7,708.76932",Cubic Meter,,,,,,,,,,,,,,,,,,,"16,010.19124",34.51075,0.00000,
TRAFALGAR PUMP STN,Facilities related to the treatment of sewage,2264 TRAFALGAR ST,LONDON,N5V 4Z8,"1,600.00",Square feet,168,544.37000,"86,854.48630",kWh,,,,,,,,,,,,,,,,,,,,,"3,521.77571",54.28405,159.55046,
TRAFFIC SIGNALS MTCE,Other,SEVERAL LOCATIONS,LONDON,N6B 1Z2,394.00,Square feet,168,0.00000,"735,264.51000",kWh,,,,,,,,,,,,,,,,,,,,,"29,813.50535","1,866.15358",0.00000,
VAUXHALL PARK-FIELD HOUSE,Other,54 PRICE ST,LONDON,N5Z 2H9,"1,266.00",Square feet,168,0.00000,"25,809.65520",kWh,,,,,,,,,,,,,,,,,,,,,"1,046.52990",20.38677,0.00000,
VAUXHALL PCP,Facilities related to the treatment of sewage,54 PRICE ST,LONDON,N5Z 2H9,0.00,Square feet,168,4912.90000,"2,277,774.87774",kWh,"44,234.51926",Cubic Meter,,,,,,,,,,,,,,,,,,,"175,990.19219",0.00000,559.32127,
VICTORIA PARK BANDSHELL-ELEC RM,Other,580 CLARENCE ST,LONDON,N6A 3N1,"8,145.00",Square feet,168,0.00000,"93,114.81212",kWh,"16,004.59214",Cubic Meter,,,,,,,,,,,,,,,,,,,"34,034.33343",32.31529,0.00000,
VICTORIA PUMP STN,Facilities related to the pumping of sewage,27 VICTORIA ST,LONDON,N6A 2B3,0.00,Square feet,168,23.68000,"6,640.17759",kWh,,,,,,,,,,,,,,,,,,,,,269.24592,0.00000,280.41291,
WEATHER STATION,Other,1570 OXFORD ST W,LONDON,N6H 1W2,"1,000.00",Square feet,168,0.00000,"7,008.00000",kWh,,,,,,,,,,,,,,,,,,,,,284.16038,7.00800,0.00000,
WESTFIELD VILLAGE PUMP STN,Facilities related to the pumping of sewage,3129 POMEROY LN,LONDON,N6P 0B6,0.00,Square feet,168,61.42000,"37,379.69089",kWh,,,,,,,,,,,,,,,,,,,,,"1,515.67171",0.00000,608.59152,
WESTMINSTER OPT PK POOL,Other,650 OSGOODE DR,LONDON,N6E 2G2,"1,803.00",Square feet,168,0.00000,"41,688.01807",kWh,"29,781.66400",Cubic Meter,,,,,,,,,,,,,,,,,,,"57,996.38382",198.66939,0.00000,
WESTMOUNT LIONS PARK,Other,784 VISCOUNT RD,LONDON,N6J 4G1,"1,335.00",Square feet,168,0.00000,4.58078,kWh,,,,,,,,,,,,,,,,,,,,,0.18574,0.00343,0.00000,
WESTMOUNT PUMP STN,Facilities related to the pumping of sewage,603 WONDERLAND RD S,LONDON,N6J 4G7,"1,335.00",Square feet,168,613.30000,"75,218.30306",kWh,,,,,,,,,,,,,,,,,,,,,"3,049.95175",56.34330,122.64520,
WESTMOUNT RD S PUMP STN WSTM,Facilities related to the pumping of water,603 WONDERLAND RD S,LONDON,N6J 4G7,"1,224.00",Square feet,168,1402.27000,"326,856.00000",kWh,,,,,,,,,,,,,,,,,,,,,"13,253.35709",267.03922,233.09063,
WICKERSON PUMP STN,Facilities related to the pumping of water,2080 WICKERSON RD,LONDON,N6K 5C4,"1,120.00",Square feet,70,361.80000,"102,655.83193",kWh,,,,,,,,,,,,,,,,,,,,,"4,162.48867",91.65699,283.73641,
WILTON GROVE STORAGE,"Storage facilities where equipment or vehicles are maintained, repaired or stored",1554 WILTON GROVE,LONDON,N6N 1M4,"21,900.00",Square feet,70,0.00000,"35,380.78779",kWh,"6,392.11810",Cubic Meter,,,,,,,,,,,,,,,,,,,"13,519.73125",4.71757,0.00000,
WINDERMERE FIELDS-SOCCER LIGHTIN,Other,745 WINDERMERE RD,LONDON,N5X 3P1,"9,330.00",Square feet,70,0.00000,"41,470.65000",kWh,,,,,,,,,,,,,,,,,,,,,"1,681.55192",4.44487,0.00000,
WINDERMERE RD BASEBALL & SOCCER,Other,745 WINDERMERE RD,LONDON,N5X 3P1,"9,330.00",Square feet,168,0.00000,"17,926.47650",kWh,,,,,,,,,,,,,,,,,,,,,726.88277,1.92138,0.00000,
WOLSELY OPS GARAGE(NG shared T-BLOCK),Other,654 ELIZABETH ST,LONDON,N5Y 6L3,"6,750.00",Square feet,168,0.00000,"34,588.52792",kWh,,,,,,,,,,,,,,,,,,,,,"1,402.49563",5.12423,0.00000,
WONDERLAND GARDENS,Other,285 WONDERLAND RD S,LONDON,N6K 3T3,"5,931.00",Square feet,168,0.00000,"24,729.64226",kWh,,,,,,,,,,,,,,,,,,,,,"1,002.73753",4.16956,0.00000,
WONDERLAND PUMP STN,Facilities related to the pumping of sewage,4695 DINGMAN DR,LONDON,N6L 1H4,0.00,Square feet,168,8554.64000,"1,648,150.02455",kWh,,,,,,,,,,,,,,,,,,,,,"66,829.18720",0.00000,192.66153,